{"cameraMode":{"drawMode":0,"name":"Shaded","section":"Shading Mode"},"sceneLighting":true,"audioPlay":false,"sceneViewState":{"m_AlwaysRefresh":false,"showFog":true,"showSkybox":true,"showFlares":true,"showImageEffects":true,"showParticleSystems":true,"showVisualEffectGraphs":true,"m_FxEnabled":true},"in2DMode":false,"pivot":{"x":0.25064998865127566,"y":2.6095314025878908,"z":-0.1382213830947876},"rotation":{"x":0.23037412762641908,"y":-0.017514774575829507,"z":0.004147217608988285,"w":0.972937285900116},"size":5.655726432800293,"orthographic":true}